"text","label"
"A powerful earthquake shook the region, causing widespread damage to buildings and leaving towns in ruins.","Earthquake"
"Farmers face immense challenges as the relentless drought continues, leading to crop failures and water shortages.","Drought"
"The damaged infrastructure, including roads and bridges, hampers rescue efforts and delays aid delivery to affected areas.","Damaged Infrastructure"
"The human damage caused by the conflict is devastating, with families torn apart and communities displaced.","Human Damage"
"Humanitarian organizations are mobilizing to provide emergency relief to refugees fleeing war-torn regions.","Human"
"Land slides bury entire villages under debris, making it difficult for rescue teams to reach survivors.","Land Slide"
"Despite non-damage to buildings and streets, landslides have blocked crucial transportation routes, disrupting daily life.","Non Damage Buildings and Street"
"Conservationists celebrate the non-damage to wildlife forest, emphasizing the importance of preserving these untouched habitats.","Non Damage Wildlife Forest"
"Communities along the coast face increasing threats from rising sea levels, prompting urgent measures to protect vulnerable areas.","Water Disaster"
"Urban fire incidents pose a constant risk to city dwellers, highlighting the need for stringent fire safety regulations and preparedness.","Urban Fire"
"Wildfires continue to spread, endangering wildlife and natural habitats. Efforts to contain the wild fire are ongoing.","Wild Fire"
"The aftermath of the water disaster reveals the extent of destruction, with homes submerged and entire communities displaced.","Water Disaster"
"A series of earthquakes rocked the region, causing extensive damage to infrastructure and triggering landslides.","Earthquake"
"The prolonged drought leads to water scarcity, affecting agriculture and forcing communities to ration their water usage.","Drought"
"Damaged infrastructure, such as collapsed bridges and roads, hinders relief efforts and delays the arrival of aid supplies.","Damaged Infrastructure"
"The human damage caused by the conflict has left many traumatized, requiring immediate psychological support and counseling.","Human Damage"
"Humanitarian workers tirelessly provide medical aid and support to vulnerable populations affected by the ongoing crisis.","Human"
"Land slides bury homes and farmlands, cutting off access to essential services and trapping residents in isolated areas.","Land Slide"
"While buildings and streets remain intact, landslides pose a non-damage threat, necessitating preventive measures to ensure safety.","Non Damage Buildings and Street"
"The non-damage to wildlife forest areas is crucial for biodiversity, promoting research and conservation efforts to protect these ecosystems.","Non Damage Wildlife Forest"
"The rising sea levels threaten coastal communities, emphasizing the urgency of implementing adaptation strategies and building resilient infrastructure.","Sea"
"Urban fire incidents highlight the importance of community awareness and preparedness in minimizing the risks associated with fires.","Urban Fire"
"Wildfires devastate vast wilderness areas, prompting ecologists and researchers to study the ecological impact and plan for ecosystem restoration.","Wild Fire"
"The water disaster aftermath reveals the resilience of communities as they come together to rebuild homes and restore essential services.","Water Disaster"
"Multiple earthquakes shook the region, causing severe damage to buildings and infrastructure, displacing thousands of residents.","Earthquake"
"Farmers endure losses due to the prolonged drought, with crops withering and livestock struggling to find adequate water and food.","Drought"
"The damaged infrastructure disrupts transportation and communication networks, hampering emergency response and rescue operations.","Damaged Infrastructure"
"The human damage caused by the conflict necessitates trauma counseling and mental health support for survivors dealing with emotional distress.","Human Damage"
"Humanitarian organizations coordinate efforts to provide medical aid, clean water, and shelter to displaced families in temporary refugee camps.","Human"
"Land slides triggered by heavy rainfall block roads and isolate villages, requiring helicopter rescue missions to deliver supplies to affected areas.","Land Slide"
"Non-damage to buildings and streets masks the underlying threat of landslides, necessitating geological surveys to identify vulnerable areas.","Non Damage Buildings and Street"
"Non-damage to wildlife forest areas is a testament to successful conservation efforts, promoting sustainable practices and protecting endangered species.","Non Damage Wildlife Forest"
"Coastal communities face increased flooding due to rising sea levels, prompting urban planning initiatives to build resilient waterfront infrastructure.","Sea"
"Urban fire incidents highlight the need for fire safety education, encouraging communities to install fire alarms and conduct regular drills.","Urban Fire"
"Wildfires devastate natural habitats, leading scientists to study the resilience of ecosystems and plan for reforestation and habitat restoration.","Wild Fire"
"The water disaster aftermath showcases community resilience as volunteers work together to clear debris and restore essential utilities.","Water Disaster"
"A massive earthquake with a magnitude of 8.5 struck the region, toppling buildings and causing extensive damage.","Earthquake"
"The relentless drought continues, leaving farmlands barren and water reservoirs at critical levels, posing a threat to agriculture.","Drought"
"Damaged infrastructure, including collapsed bridges and roads, hampers emergency response efforts, slowing down relief operations.","Damaged Infrastructure"
"The human damage inflicted by the conflict is heartbreaking, with families torn apart and children left orphaned and traumatized.","Human Damage"
"Humanitarian organizations collaborate to provide medical assistance, clean water, and shelter to refugees fleeing war-torn regions.","Human"
"Land slides triggered by heavy rainfall bury homes and block roads, isolating entire communities and hampering rescue efforts.","Land Slide"
"While buildings and streets remain unharmed, non-damage from landslides creates unseen threats, necessitating geological assessments.","Non Damage Buildings and Street"
"Non-damage to wildlife forest areas is vital for biodiversity, driving conservation efforts and promoting sustainable environmental practices.","Non Damage Wildlife Forest"
"Rising sea levels threaten coastal cities, necessitating the construction of seawalls and sustainable urban planning to mitigate flooding risks.","Sea"
"Urban fire outbreaks highlight the importance of fire safety education and preparedness, emphasizing the need for community-wide drills.","Urban Fire"
"Wildfires ravage vast wilderness areas, endangering diverse ecosystems and prompting urgent reforestation efforts to restore natural habitats.","Wild Fire"
"The aftermath of water disasters reveals the strength of communities as they come together to rebuild homes, schools, and essential infrastructure.","Water Disaster"
"A series of powerful earthquakes, ranging from magnitude 7.0 to 7.8, rocked the region, causing widespread destruction and triggering landslides.","Earthquake"
"The prolonged drought dries up rivers and lakes, leading to water scarcity for both human consumption and agricultural irrigation.","Drought"
"Collapsed bridges and roads disrupt transportation, isolating communities and impeding the delivery of food, water, and medical supplies.","Damaged Infrastructure"
"The human damage caused by the conflict is immeasurable, leaving scars not just on infrastructure but also on the hearts and minds of survivors.","Human Damage"
"International humanitarian agencies collaborate with local NGOs to provide emergency healthcare, nutrition, and shelter to displaced human populations.","Human"
"Land slides bury villages, destroying homes and agricultural fields, posing a threat to both human settlements and natural habitats.","Land Slide"
"Non-damage to buildings masks the potential threat of landslides, highlighting the importance of monitoring vulnerable areas and implementing preventive measures.","Non Damage Buildings and Street"
"Non-damage to wildlife forest areas is a testament to successful conservation efforts, encouraging ecotourism and scientific research for sustainable environmental practices.","Non Damage Wildlife Forest"
"Coastal cities face increased flooding due to rising sea levels, necessitating urban redevelopment strategies to create resilient and adaptive waterfront communities.","Sea"
"Urban fire incidents necessitate investments in advanced firefighting equipment and the training of first responders to handle complex fire emergencies.","Urban Fire"
"Wildfires continue to devastate natural habitats, pushing scientists and ecologists to study the resilience of ecosystems and plan for habitat restoration.","Wild Fire"
"The water disaster aftermath highlights the spirit of resilience as communities rebuild, focusing on disaster-resistant architecture and infrastructure.","Water Disaster"
"An unprecedented earthquake with a magnitude of 9.0 struck, causing buildings to crumble and landslides that buried entire neighborhoods.","Earthquake"
"The drought crisis deepens, causing water wells to run dry, livestock to perish, and farmers to face severe crop failures, leading to food shortages.","Drought"
"Damaged infrastructure disrupts supply chains, hindering the delivery of essential goods, medical supplies, and aid to affected communities.","Damaged Infrastructure"
"The human damage caused by the conflict leads to a refugee crisis, forcing families to flee their homes and seek safety in neighboring countries.","Human Damage"
"International humanitarian agencies coordinate airlifts of emergency aid, deploying medical teams and relief supplies to assist displaced populations.","Human"
"Land slides triggered by torrential rains wipe out entire villages, cutting off access to basic services and trapping residents in hazardous conditions.","Land Slide"
"While buildings show non-damage, the constant threat of landslides looms, necessitating early warning systems and community evacuation plans.","Non Damage Buildings and Street"
"Non-damage to wildlife forest areas is celebrated, emphasizing the importance of preserving biodiversity and protecting endangered species.","Non Damage Wildlife Forest"
"Coastal cities are vulnerable to sea level rise, necessitating the construction of flood barriers and the restoration of natural coastal ecosystems.","Sea"
"Urban fire outbreaks necessitate community-wide fire safety drills, educating residents about fire prevention and evacuation procedures.","Urban Fire"
"Wildfires threaten fragile ecosystems, motivating scientists to study fire ecology and develop strategies for ecosystem recovery and rehabilitation.","Wild Fire"
"The water disaster aftermath showcases community solidarity as neighborhoods come together to rebuild, emphasizing sustainable water management practices.","Water Disaster"
"Multiple earthquakes shake the region, causing extensive damage to buildings, infrastructure, and triggering landslides in mountainous areas.","Earthquake"
"The drought crisis intensifies, leading to water rationing, livestock deaths, and agricultural losses, challenging local economies and food security.","Drought"
"Collapsed bridges and damaged roads isolate communities, hindering emergency response efforts and slowing down the distribution of relief supplies.","Damaged Infrastructure"
"The human damage caused by the conflict forces families into displacement camps, facing overcrowding, lack of sanitation, and limited access to healthcare.","Human Damage"
"International aid organizations work in collaboration with local governments to establish refugee camps, providing medical care, food, and shelter to displaced families.","Human"
"Land slides devastate villages, leaving behind a trail of destruction and blocking essential roads, making rescue and relief efforts extremely challenging.","Land Slide"
"While buildings remain unharmed, the threat of landslides looms large, prompting authorities to conduct geotechnical surveys and establish early warning systems.","Non Damage Buildings and Street"
"Non-damage to wildlife forest areas is a beacon of hope, emphasizing the importance of eco-friendly practices and sustainable tourism to protect natural habitats.","Non Damage Wildlife Forest"
"Coastal cities implement climate-resilient infrastructure, constructing seawalls and restoring wetlands to mitigate the impact of rising sea levels and storm surges.","Sea"
"Urban fire preparedness programs educate communities about fire-resistant construction, firefighting techniques, and evacuation plans to minimize urban fire risks.","Urban Fire"
"Wildfires wreak havoc on natural ecosystems, prompting ecologists to study fire ecology and develop strategies for habitat restoration and conservation.","Wild Fire"
"The water disaster aftermath showcases the strength of communities, emphasizing the importance of clean water projects and resilient water supply systems.","Water Disaster"
"Severe earthquakes shake the region, causing widespread damage to buildings, infrastructure, and triggering landslides in remote mountainous areas.","Earthquake"
"The drought crisis escalates, depleting groundwater reserves, leading to crop failure, livestock deaths, and acute water scarcity in rural communities.","Drought"
"Collapsed bridges and damaged roads hamper the movement of relief supplies, slowing down emergency response efforts and impeding aid delivery to affected areas.","Damaged Infrastructure"
"The human damage caused by the conflict leads to a humanitarian crisis, forcing families into makeshift refugee camps, struggling with limited resources and healthcare.","Human Damage"
"International humanitarian agencies collaborate to establish medical clinics and schools in refugee camps, providing essential services and education to displaced children.","Human"
"Land slides obliterate villages, destroying homes, agricultural lands, and vital infrastructure, posing immense challenges for rescue and recovery operations.","Land Slide"
"While buildings and streets show non-damage, landslides pose hidden threats, necessitating geotechnical studies, early warning systems, and community evacuation plans.","Non Damage Buildings and Street"
"Non-damage to wildlife forest areas is a beacon of hope, promoting eco-friendly practices and sustainable tourism to protect diverse ecosystems and endangered species.","Non Damage Wildlife Forest"
"Coastal cities invest in resilient urban planning, constructing flood-resistant buildings, and restoring mangrove forests to mitigate the impact of rising sea levels and storm surges.","Sea"
"Urban fire preparedness programs educate communities about fire-resistant landscaping, firebreak construction, and fire evacuation plans to minimize urban fire risks.","Urban Fire"
"Wildfires devastate natural habitats, prompting ecologists to study fire ecology and develop strategies for habitat restoration, reforestation, and the protection of biodiversity.","Wild Fire"
"The water disaster aftermath showcases community resilience, emphasizing the importance of watershed management and the restoration of natural water filtration systems.","Water Disaster"
"Devastating earthquakes with a magnitude of 9.2 rock the region, causing catastrophic damage to buildings, infrastructure, and triggering landslides across entire mountainsides.","Earthquake"
"The drought crisis reaches a critical point, leading to the depletion of surface water sources, severe agricultural losses, and threatening the survival of entire communities.","Drought"
"Collapsed bridges and damaged roads cut off entire regions, hampering emergency response efforts and making it difficult to provide aid and medical assistance to affected populations.","Damaged Infrastructure"
"The human damage caused by the conflict results in a refugee emergency, forcing families to seek asylum in neighboring countries, facing overcrowded camps and limited resources.","Human Damage"
"International humanitarian agencies coordinate airlifts of essential supplies, deploying medical teams, clean water, and shelter to assist displaced populations in temporary camps.","Human"
"Land slides bury villages under tons of debris, making it challenging for rescue teams to access survivors, leading to an urgent need for heavy equipment and skilled personnel.","Land Slide"
"While buildings and streets appear non-damaged, landslides pose hidden threats, necessitating geological studies, early warning systems, and community evacuation plans.","Non Damage Buildings and Street"
"Non-damage to wildlife forest areas underscores the importance of wildlife conservation and eco-friendly practices, encouraging sustainable tourism and scientific research.","Non Damage Wildlife Forest"
"Coastal cities implement climate-resilient infrastructure, constructing seawalls, and restoring wetlands to mitigate the impact of rising sea levels and storm surges on vulnerable communities.","Sea"
"Urban fire preparedness programs educate communities about fire-resistant construction materials, firefighting techniques, and fire evacuation protocols to minimize urban fire risks.","Urban Fire"
"Wildfires devastate natural habitats, prompting ecologists to study fire ecology and develop strategies for habitat restoration, reforestation, and the protection of endangered species.","Wild Fire"
"The water disaster aftermath showcases community resilience, emphasizing the importance of watershed management, clean water access, and sustainable water supply systems.","Water Disaster"
"A devastating earthquake with a magnitude of 8.7 struck, causing extensive damage to buildings, infrastructure, and triggering landslides across valleys and hills.","Earthquake"
"The ongoing drought exacerbates water scarcity, causing crop failures, livestock deaths, and forcing communities to rely on limited water sources for survival.","Drought"
"Collapsed bridges and damaged roads impede access to remote villages, hindering relief efforts and delaying the delivery of emergency supplies to affected populations.","Damaged Infrastructure"
"The human damage caused by the conflict leads to a mass migration crisis, displacing families, separating loved ones, and straining resources in host countries.","Human Damage"
"International humanitarian organizations collaborate to establish safe zones, providing medical care, education, and psychological support to traumatized refugee children.","Human"
"Land slides engulf entire communities, destroying homes, agricultural fields, and disrupting vital transportation routes, making rescue operations extremely challenging.","Land Slide"
"While buildings and streets remain intact, the non-damage from landslides poses concealed dangers, necessitating detailed geological surveys and community evacuation plans.","Non Damage Buildings and Street"
"Non-damage to wildlife forest areas serves as a biodiversity hotspot, emphasizing the need for responsible tourism and conservation efforts to protect endangered species.","Non Damage Wildlife Forest"
"Coastal cities adopt eco-friendly urban planning, constructing green spaces and artificial reefs to mitigate the effects of rising sea levels and create resilient waterfronts.","Sea"
"Urban fire preparedness programs educate communities about fire-resistant landscaping, emergency evacuation routes, and firefighting techniques to minimize urban fire risks.","Urban Fire"
"Wildfires devastate natural habitats, pushing ecologists to explore fire-resistant plant species and develop strategies for post-fire reforestation and habitat recovery.","Wild Fire"
"The water disaster aftermath highlights community solidarity, fostering cooperation in building flood-resistant homes, sustainable water management, and disaster-resilient infrastructure.","Water Disaster"
"A catastrophic earthquake with a magnitude of 9.0 hits, causing widespread destruction to buildings, infrastructure, and triggering landslides that reshape the landscape.","Earthquake"
"The prolonged drought forces farmers to adopt water-saving agricultural techniques, diversify crops, and implement rainwater harvesting to cope with water scarcity.","Drought"
"Collapsed bridges and damaged roads create isolated pockets of vulnerable communities, hampering emergency response and requiring airlifts for aid distribution.","Damaged Infrastructure"
"The human damage caused by the conflict leads to a refugee influx, placing a strain on host countries' resources and highlighting the importance of international aid efforts.","Human Damage"
"International humanitarian agencies collaborate to provide trauma counseling, education, and vocational training to empower refugee youth and prepare them for the future.","Human"
"Land slides sweep through valleys, demolishing villages, disrupting power lines, and contaminating water sources, exacerbating the challenges faced by affected populations.","Land Slide"
"While buildings and streets remain non-damaged, the constant threat of landslides necessitates advanced warning systems and community preparedness for evacuation.","Non Damage Buildings and Street"
"Non-damage to wildlife forest areas signifies a success in conservation efforts, encouraging eco-tourism and scientific research to further protect these invaluable ecosystems.","Non Damage Wildlife Forest"
"Coastal cities implement innovative flood-resistant architecture, constructing amphibious homes and vertical gardens to create resilient, sustainable urban environments.","Sea"
"Urban fire preparedness programs educate communities about fire-resistant materials, smoke detectors, and emergency response protocols to minimize casualties and property damage.","Urban Fire"
"Wildfires devastate natural habitats, prompting scientists to study fire-resistant plants and develop strategies for restoring ecosystems after fire events.","Wild Fire"
"The water disaster aftermath showcases community resilience, inspiring the construction of rainwater harvesting systems and the adoption of eco-friendly wastewater management practices.","Water Disaster"
"A massive earthquake with a magnitude of 8.9 rattles the region, causing buildings to crumble, bridges to collapse, and triggering landslides that reshape the terrain.","Earthquake"
"The severe drought leads to water rationing, community wells running dry, and agricultural losses, forcing residents to migrate in search of water and livelihoods.","Drought"
"Collapsed bridges and damaged roads hinder access to remote villages, isolating communities and impeding the delivery of humanitarian aid and medical supplies.","Damaged Infrastructure"
"The human damage caused by the conflict creates a humanitarian crisis, displacing families, traumatizing children, and requiring long-term mental health support services.","Human Damage"
"International humanitarian organizations collaborate to establish child-friendly spaces, providing education, recreational activities, and psychosocial support to refugee children.","Human"
"Land slides engulf entire hillsides, sweeping away homes, roads, and farmlands, posing a significant threat to both human settlements and natural habitats.","Land Slide"
"While buildings and streets show non-damage, the risk of landslides necessitates detailed geological studies, community awareness campaigns, and disaster preparedness training.","Non Damage Buildings and Street"
"Non-damage to wildlife forest areas is a testament to successful conservation initiatives, promoting eco-tourism and scientific research to protect endangered flora and fauna.","Non Damage Wildlife Forest"
"Coastal cities adopt resilient urban planning, constructing floating neighborhoods and green roofs to mitigate flooding and promote sustainable living in the face of rising sea levels.","Sea"
"Urban fire preparedness programs educate communities about fire-resistant landscaping, fireproofing homes, and evacuation drills to enhance community resilience to urban fires.","Urban Fire"
"Wildfires devastate natural habitats, leading ecologists to study fire ecology and develop techniques for reseeding burned areas to restore biodiversity and prevent erosion.","Wild Fire"
"The water disaster aftermath inspires community-led projects, focusing on rainwater harvesting, watershed restoration, and sustainable agricultural practices to prevent future water crises.","Water Disaster"
"A massive tremor, measuring 8.6 on the Richter scale, shook the region, causing widespread damage to structures and triggering landslides.","Earthquake"
"The prolonged drought persists, causing water sources to dry up, leaving farmlands barren and challenging the livelihoods of local communities.","Drought"
"Damaged infrastructure, including broken bridges and impassable roads, hinders relief efforts and delays the distribution of critical supplies to affected areas.","Damaged Infrastructure"
"The human damage inflicted by the conflict is immeasurable, with families displaced and facing uncertain futures, highlighting the need for humanitarian aid.","Human Damage"
"International humanitarian organizations rally to provide medical care, clean water, and shelter to displaced populations seeking safety from conflict-ridden regions.","Human"
"Land slides, triggered by heavy rainfall, engulf entire villages, making access difficult and emphasizing the need for heavy machinery in rescue operations.","Land Slide"
"Although buildings and streets appear unharmed, the ever-present risk of landslides demands geological assessments and early warning systems for vulnerable areas.","Non Damage Buildings and Street"
"Non-damage to wildlife forest areas is essential for preserving biodiversity and promoting eco-tourism, encouraging sustainable practices and research for conservation.","Non Damage Wildlife Forest"
"Rising sea levels pose a threat to coastal cities, necessitating the construction of seawalls and efforts to restore natural coastal ecosystems for resilience.","Sea"
"Urban fire outbreaks underscore the importance of community-wide fire safety education, urging residents to install fire alarms and conduct regular drills.","Urban Fire"
"Wildfires continue to devastate natural habitats, driving scientists to study fire ecology and implement reforestation and habitat rehabilitation strategies.","Wild Fire"
"The aftermath of water disasters showcases community resilience as neighborhoods come together to rebuild and implement sustainable water management practices.","Water Disaster"
"A series of powerful earthquakes, ranging from magnitude 7.2 to 7.9, rocked the region, causing extensive damage to buildings, infrastructure, and triggering landslides in hilly areas.","Earthquake"
"The persistent drought leaves water reservoirs nearly empty, forcing rationing, livestock deaths, and impacting crop yields, threatening local economies.","Drought"
"Collapsed bridges and damaged roads disrupt transportation, isolating communities and hampering rescue and relief efforts, creating logistical challenges.","Damaged Infrastructure"
"The human damage caused by the conflict has resulted in a humanitarian crisis, leading to refugee camps with overcrowded conditions and limited access to healthcare.","Human Damage"
"International humanitarian agencies work in close coordination with local NGOs to establish refugee camps, providing medical assistance, food, and shelter to displaced families.","Human"
"Land slides obliterate villages, leaving destruction in their wake, and necessitating heavy machinery to clear debris and reach isolated communities.","Land Slide"
"While buildings and streets remain intact, the constant threat of landslides necessitates geotechnical surveys and the implementation of early warning systems.","Non Damage Buildings and Street"
"Non-damage to wildlife forest areas serves as a sanctuary for biodiversity, promoting eco-friendly practices and scientific research to protect endangered species.","Non Damage Wildlife Forest"
"Coastal cities confront rising sea levels, leading to the construction of seawalls and wetland restoration to protect vulnerable communities from storm surges.","Sea"
"Urban fire preparedness programs empower communities with knowledge about fire-resistant construction materials, firefighting techniques, and evacuation plans to reduce urban fire risks.","Urban Fire"
"Wildfires continue to ravage natural habitats, prompting ecologists to study fire ecology and implement reforestation efforts to restore damaged ecosystems.","Wild Fire"
"The water disaster aftermath highlights community resilience, emphasizing the importance of watershed management, clean water access, and sustainable water supply systems.","Water Disaster"
"An unprecedented earthquake with a magnitude of 9.1 strikes, causing buildings to crumble and landslides that bury entire neighborhoods under debris.","Earthquake"
"The drought crisis deepens, causing water sources to run dry, livestock losses, and severe crop failures, leading to food shortages and economic challenges.","Drought"
"Collapsed bridges and damaged roads isolate communities, hindering emergency response efforts and impeding the delivery of food, water, and medical supplies to affected regions.","Damaged Infrastructure"
"The human damage caused by the conflict leads to a refugee emergency, forcing families into makeshift camps, grappling with limited resources and limited access to healthcare.","Human Damage"
"International humanitarian agencies collaborate to establish medical clinics and schools in refugee camps, providing essential services and education to displaced children.","Human"
"Land slides bury villages under tons of debris, making it challenging for rescue teams to access survivors, emphasizing the need for heavy equipment and skilled personnel.","Land Slide"
"While buildings and streets appear non-damaged, landslides pose hidden threats, necessitating geological studies, early warning systems, and community evacuation plans.","Non Damage Buildings and Street"
"Non-damage to wildlife forest areas is a beacon of hope, promoting eco-friendly practices and sustainable tourism to protect diverse ecosystems and endangered species.","Non Damage Wildlife Forest"
"Coastal cities invest in resilient urban planning, constructing flood-resistant buildings, and restoring mangrove forests to mitigate the impact of rising sea levels and storm surges on vulnerable communities.","Sea"
"Urban fire preparedness programs educate communities about fire-resistant construction materials, firefighting techniques, and fire evacuation protocols to minimize urban fire risks.","Urban Fire"
"Wildfires devastate natural habitats, prompting ecologists to study fire ecology and develop strategies for habitat restoration, reforestation, and the protection of biodiversity.","Wild Fire"
"The water disaster aftermath showcases community resilience, emphasizing the importance of watershed management, clean water access, and sustainable water supply systems.","Water Disaster"
"Massive tremors, reaching a magnitude of 8.7, rattle the region, causing extensive damage to buildings, infrastructure, and triggering landslides on steep slopes.","Earthquake"
"The drought crisis reaches a critical point, leading to the depletion of surface water sources, severe agricultural losses, and threatening the survival of entire communities.","Drought"
"Collapsed bridges and damaged roads hamper the movement of relief supplies, slowing down emergency response efforts and making it difficult to provide aid and medical assistance to affected populations.","Damaged Infrastructure"
"The human damage caused by the conflict forces families into displacement camps, facing overcrowding, lack of sanitation, and limited access to healthcare.","Human Damage"
"International aid organizations work in collaboration with local governments to establish refugee camps, providing medical care, food, and shelter to displaced families.","Human"
"Land slides devastate villages, leaving behind a trail of destruction and blocking essential roads, making rescue and recovery operations extremely challenging.","Land Slide"
"While buildings and streets show non-damage, the constant threat of landslides demands geological assessments and early warning systems for vulnerable areas.","Non Damage Buildings and Street"
"Non-damage to wildlife forest areas is a beacon of hope, emphasizing the importance of eco-friendly practices and sustainable tourism to protect diverse ecosystems and endangered species.","Non Damage Wildlife Forest"
"Coastal cities implement climate-resilient infrastructure, constructing seawalls, and restoring wetlands to mitigate the impact of rising sea levels and storm surges on vulnerable communities.","Sea"
"Urban fire preparedness programs educate communities about fire-resistant construction materials, firefighting techniques, and fire evacuation protocols to minimize urban fire risks.","Urban Fire"
"Wildfires continue to devastate natural habitats, driving scientists to study fire ecology and implement reforestation efforts to restore damaged ecosystems.","Wild Fire"
"The water disaster aftermath showcases community resilience, emphasizing the importance of watershed management, clean water access, and sustainable water supply systems.","Water Disaster"
"A powerful earthquake with a magnitude of 9.3 rocks the region, causing catastrophic damage to buildings, infrastructure, and triggering landslides on steep mountainsides.","Earthquake"
"The prolonged drought intensifies, leading to the scarcity of drinking water, livestock deaths, and failed crops, threatening the livelihoods of local farmers.","Drought"
"Collapsed bridges and damaged roads create logistical challenges, hindering the delivery of aid, food, and medical supplies to isolated communities in need.","Damaged Infrastructure"
"The human damage caused by the conflict results in a refugee crisis, forcing families into makeshift shelters, facing overcrowding, limited resources, and health risks.","Human Damage"
"International humanitarian agencies coordinate relief efforts, providing medical care, clean water, and temporary shelter to displaced families in crowded refugee camps.","Human"
"Land slides bury villages under tons of debris, making it difficult for rescue teams to reach survivors, emphasizing the need for heavy equipment and skilled personnel.","Land Slide"
"While buildings and streets appear non-damaged, the constant threat of landslides necessitates geological assessments, early warning systems, and community evacuation plans.","Non Damage Buildings and Street"
"Non-damage to wildlife forest areas is vital for biodiversity, promoting eco-friendly practices, sustainable tourism, and scientific research for conservation.","Non Damage Wildlife Forest"
"Coastal cities invest in resilient urban planning, constructing flood-resistant buildings and restoring natural coastal habitats to mitigate the impact of rising sea levels and storm surges.","Sea"
"Urban fire preparedness programs educate communities about fire-resistant landscaping, firefighting techniques, and fire evacuation plans to minimize urban fire risks.","Urban Fire"
"Wildfires continue to ravage natural habitats, prompting ecologists to study fire ecology and implement reforestation efforts to restore damaged ecosystems.","Wild Fire"
"The water disaster aftermath showcases community resilience, emphasizing the importance of watershed management, clean water access, and sustainable water supply systems.","Water Disaster"
"A powerful earthquake with a magnitude of 9.4 shakes the region, causing massive destruction to buildings and triggering landslides.","Earthquake"
"The relentless drought intensifies, leading to water scarcity, livestock losses, and failed crops, threatening local communities.","Drought"
"Collapsed bridges and damaged roads pose logistical challenges, hindering relief efforts and impeding aid delivery to isolated communities.","Damaged Infrastructure"
"The human damage caused by the conflict results in a refugee crisis, forcing families into makeshift camps, facing overcrowding and limited resources.","Human Damage"
"International humanitarian agencies coordinate efforts to provide medical care, clean water, and temporary shelter to displaced families.","Humanitarian Aid"
"Land slides bury villages, leaving destruction in their wake and making it challenging for rescue teams to access survivors.","Land Slide"
"While buildings and streets appear intact, the constant threat of landslides necessitates geological assessments and early warning systems.","Non Damage Buildings and Street"
"Non-damage to wildlife forest areas is crucial for preserving biodiversity, promoting eco-friendly practices, and scientific research.","Non Damage Wildlife Forest"
"Coastal cities invest in resilient urban planning, constructing flood-resistant buildings, and restoring natural coastal ecosystems.","Sea"
"Urban fire preparedness programs educate communities about fire-resistant construction materials and firefighting techniques.","Urban Fire"
"Wildfires continue to ravage natural habitats, driving scientists to study fire ecology and implement reforestation efforts.","Wild Fire"
"The aftermath of water disasters showcases community resilience, emphasizing the importance of clean water access and sustainable water supply systems.","Water Disaster"
"A powerful earthquake with a magnitude of 9.4 shakes the region, causing massive destruction to buildings and triggering landslides.","Earthquake"
"The relentless drought intensifies, leading to water scarcity, livestock losses, and failed crops, threatening local communities.","Drought"
"Collapsed bridges and damaged roads pose logistical challenges, hindering relief efforts and impeding aid delivery to isolated communities.","Damaged Infrastructure"
"The human damage caused by the conflict results in a refugee crisis, forcing families into makeshift camps, facing overcrowding and limited resources.","Human Damage"
"International humanitarian agencies coordinate efforts to provide medical care, clean water, and temporary shelter to displaced families.","Humanitarian Aid"
"Land slides bury villages, leaving destruction in their wake and making it challenging for rescue teams to access survivors.","Land Slide"
"While buildings and streets appear intact, the constant threat of landslides necessitates geological assessments and early warning systems.","Non Damage Buildings and Street"
"Non-damage to wildlife forest areas is crucial for preserving biodiversity, promoting eco-friendly practices, and scientific research.","Non Damage Wildlife Forest"
"Coastal cities invest in resilient urban planning, constructing flood-resistant buildings, and restoring natural coastal ecosystems.","Sea"
"Urban fire preparedness programs educate communities about fire-resistant construction materials and firefighting techniques.","Urban Fire"
"Wildfires continue to ravage natural habitats, driving scientists to study fire ecology and implement reforestation efforts.","Wild Fire"
"The aftermath of water disasters showcases community resilience, emphasizing the importance of clean water access and sustainable water supply systems.","Water Disaster"
"A catastrophic earthquake, measuring 9.5 on the Richter scale, strikes, causing widespread devastation and triggering landslides in mountainous regions.","Earthquake"
"The severe drought persists, leading to water shortages, livestock fatalities, and agricultural collapse, posing a threat to local livelihoods.","Drought"
"Collapsing bridges and damaged roads hinder emergency response efforts, isolating communities and impeding the distribution of essential supplies.","Damaged Infrastructure"
"The devastating human impact of the conflict results in a refugee emergency, displacing families and overwhelming temporary shelters and resources.","Human Damage"
"International relief organizations collaborate to deliver medical aid, clean water, and temporary shelter to displaced families in crisis.","Humanitarian Aid"
"Land slides engulf villages, causing destruction and blocking access routes, making it challenging for rescue teams to reach affected areas.","Land Slide"
"Although buildings and streets remain intact, the constant risk of landslides necessitates geological assessments and advanced warning systems.","Non Damage Buildings and Street"
"Preserving non-damage to wildlife forest areas is vital for conservation efforts, promoting sustainable practices and scientific research.","Non Damage Wildlife Forest"
"Coastal cities invest in resilient urban planning, constructing flood-resistant structures, and restoring natural coastal habitats.","Sea"
"Urban fire preparedness initiatives educate communities on fire-resistant construction materials and firefighting techniques.","Urban Fire"
"Continuing wildfires devastate ecosystems, compelling ecologists to study fire ecology and implement habitat restoration programs.","Wild Fire"
"The aftermath of water-related disasters underscores the importance of clean water access and resilient water supply systems for affected communities.","Water Disaster"
"A powerful earthquake, with a magnitude of 9.3, rocks the region, causing extensive damage to buildings and triggering landslides on steep slopes.","Earthquake"
"The relentless drought intensifies, leading to acute water scarcity, livestock deaths, and failed crops, threatening the survival of communities.","Drought"
"Damaged bridges and roads impede rescue efforts, isolating communities and obstructing the delivery of crucial aid and medical assistance.","Damaged Infrastructure"
"The profound human impact of the conflict results in a refugee crisis, forcing families into makeshift camps, struggling with limited resources.","Human Damage"
"International humanitarian agencies collaborate to establish medical facilities, provide food, clean water, and shelter to displaced families.","Humanitarian Aid"
"Land slides bury villages under debris, complicating rescue operations and emphasizing the need for heavy machinery and skilled personnel.","Land Slide"
"While buildings and streets appear unharmed, the looming threat of landslides necessitates geotechnical assessments and community evacuation plans.","Non Damage Buildings and Street"
"Non-damage to wildlife forest areas preserves biodiversity, promoting eco-friendly practices and scientific research for the conservation of species.","Non Damage Wildlife Forest"
"Coastal cities implement climate-resilient infrastructure, constructing seawalls and restoring wetlands to mitigate the impact of rising sea levels.","Sea"
"Urban fire preparedness initiatives educate communities on fire-resistant landscaping, firefighting techniques, and evacuation procedures.","Urban Fire"
"Wildfires continue to devastate natural habitats, prompting ecologists to study fire ecology and implement reforestation efforts for habitat restoration.","Wild Fire"
"A devastating earthquake, measuring 9.6 on the Richter scale, strikes, causing widespread destruction to buildings and triggering landslides in hilly terrain.","Earthquake"
"The relentless drought crisis deepens, leading to severe water shortages, livestock fatalities, and agricultural losses, threatening local economies.","Drought"
"Collapsed bridges and damaged roads create logistical challenges, hindering relief efforts and delaying the distribution of vital supplies to affected areas.","Damaged Infrastructure"
"The profound human impact of the conflict results in a refugee emergency, forcing families into overcrowded camps, struggling with limited resources and healthcare.","Human Damage"
"International humanitarian agencies coordinate relief efforts, providing medical care, clean water, and temporary shelter to displaced families in temporary camps.","Humanitarian Aid"
"Land slides devastate villages, leaving destruction in their wake and blocking essential roads, making rescue and recovery operations extremely challenging.","Land Slide"
"While buildings and streets appear non-damaged, the constant threat of landslides necessitates geological assessments, early warning systems, and community evacuation plans.","Non Damage Buildings and Street"
"Non-damage to wildlife forest areas is a beacon of hope, promoting eco-friendly practices and sustainable tourism to protect diverse ecosystems and endangered species.","Non Damage Wildlife Forest"
"Coastal cities invest in resilient urban planning, constructing flood-resistant buildings and restoring mangrove forests to mitigate the impact of rising sea levels.","Sea"
"Urban fire preparedness initiatives educate communities about fire-resistant construction materials, firefighting techniques, and fire evacuation protocols.","Urban Fire"
"Wildfires continue to ravage natural habitats, prompting ecologists to study fire ecology and implement reforestation efforts for habitat restoration and conservation.","Wild Fire"
"The aftermath of water-related disasters showcases community resilience, emphasizing the importance of watershed management, clean water access, and sustainable water supply systems.","Water Disaster"
"A devastating earthquake with a magnitude of 8.5 struck the city, causing widespread destruction and loss of life.","Earthquake"
"Severe drought has parched farmlands, leading to crop failures and water shortages in the region.","Drought"
"Damaged infrastructure, including collapsed bridges and roads, is hindering rescue efforts after the disaster.","Damaged Infrastructure"
"Human damage is extensive, with many casualties reported and numerous people missing in the aftermath of the incident.","Human Damage"
"Rescue teams are working tirelessly to locate missing individuals and provide aid to the affected human populations.","Human"
"A massive land slide buried several homes and blocked major highways, trapping residents and travelers.","Land Slide"
"Despite the disaster, non-damaged buildings and streets serve as temporary shelters and aid distribution points.","Non Damage Buildings and Street"
"The national park, despite the disaster, remains a safe haven for non-damaged wildlife and forests.","Non Damage Wildlife Forest"
"The coastal areas are severely affected by the disaster, with rising sea levels inundating communities and farmlands.","Sea"
"An urban fire has engulfed several buildings, posing a threat to residents and businesses in the city center.","Urban Fire"
"Wildfires continue to rage across vast expanses of land, destroying wildlife habitats and threatening nearby communities.","Wild Fire"
"Water disaster strikes as floods and tsunamis wreak havoc, submerging towns and villages under meters of water.","Water Disaster"
"Puerto Rico hit by another 5.9 magnitude aftershock - KYMA https://t.co/SF2wBVd5me","Earthquake"
"3.6 aftershock at 4:05 am. I was asleep and the movement of my bed woke me up. Not so scary but I wish they weren't… https://t.co/LA2mwCLXhf","Earthquake"
"Good Night my friends, As per USGS, the new 5.9 quake in this morning caused the 7-day aftershock forecast to change.…","Earthquake"
"A quick comparison of the ongoing 2020 M6.4 Puerto Rico earthquake sequence and the 2003 M6.5 Central California sequenc…","Earthquake"
"Why are Puerto Ricans refusing to go home? Aside from the 5.4 aftershock just now, the ground in southwest Puerto Rico has…","Earthquake"
"Puerto Rico hit by another 5.9 magnitude aftershock - KYMA https://t.co/rrTNTMA8NR","Earthquake"
"Puerto Rico hit by another 5.9 magnitude aftershock - KYMA https://t.co/wW3CdsvDV2","Earthquake"
"Puerto Rico hit by another 5.9 magnitude aftershock - KYMA https://t.co/vRAdkSZaLn","Earthquake"
"Puerto Rico hit by another 5.9 magnitude aftershock - KYMA https://t.co/MMxXzwBpaF","Earthquake"
"Puerto Rico hit by another 5.9 magnitude aftershock - KYMA https://t.co/lRTLlbB9TV","Earthquake"
"Darkake(7 yeek possessor) was killed by possession aftershock on Ritches Tunnels 2. https://t.co/AZoiZicsDe","Earthquake"
"An M4+~M5+ aftershock happens within 15 days after an M5+~M6+ main shock. If you can predict it, then you can say it is an…","Earthquake"
"Puerto Rico hit by another 5.9 magnitude aftershock - KYMA https://t.co/P9Th3vpTak","Earthquake"
"Over the weekend, Puerto Rico was struck by a 5.9 aftershock, causing more damage to homes and schools and leaving thou…","Earthquake"
"The magnitude 5.9 quake in #PuertoRico this morning caused our 7-day aftershock forecast to change. We now estimate an increased…","Earthquake"
"Another 6.0 aftershock has hit Puerto Rico after last night. People cannot go home if they even have one. They have no po…","Earthquake"
"And this is the fourth road/bridge collapse in a span of 6 weeks. Just saying.","Damaged Infrastructure"
"And this is the fourth road/bridge collapse in a span of 6 weeks. Just saying.","Damaged Infrastructure"
"Australia is burning. The worst is yet to come: 24 people dead 500 million animals dead 8,000 koalas dead Over 5.5 mi…","Urban Fire"
"VIDEO: Drone footage captures massive Bound Brook fire from up above --&gt","Urban Fire"
"#BoundBrookFire Firefighters from several different departments came together to prevent even more buildings from burn…","Urban Fire"
"Massive fire burning in apartment building under construction, neighboring buildings in New Jersey https://t.co/96UeW5Jpno","Urban Fire"
"#BoundBrookFire Firefighters from several different departments came together to prevent even more buildings from… https://t.co/WwYgBEupzJ","Urban Fire"
"Demolition has begun on the burned out buildings in #BoundBrook. Slow process. Investigation into how/where it started…","Urban Fire"
"Sad news coming from Bhainsa, Nirmal district, #Telangana peaceful stone pelter and mobs have selectively targeted h…","Urban Fire"
"With all the buildings that have been ‘set’ on fire in Glasgow over the last few years, it’s doesn’t sit right. the… https://t.co/6i6ZIfynFV","Urban Fire"
"When fire ravaged Notre-Dame Cathedral in Paris on April 15, 2019, the whole world was in shock that the heritage of this i…","Urban Fire"
"Demolition has begun on the burned out buildings in #BoundBrook. Slow process. Investigation into how/where it st… https://t.co/myA1JIwQXu","Urban Fire"
"This afternoon the fire alarm sounded in our buildings. Our facilities manager found the fair linen and frontal on… https://t.co/qUM9xljIaC","Urban Fire"
"Glasgow still setting unused buildings on fire in 2020 then 😂","Urban Fire"
"An update on the massive fire on Main Street in Bound Brook Sunday night. https://t.co/GjM6x84Rtt","Urban Fire"
"Depends on what the local fire code is that determines how steep they’ll allow your stands to be in the newer buildings.","Urban Fire"
"6-Alarm #Fire #BoundBrook #NewJersey Sun Massive Fire Start ~8PM 5 Story 174 Apt Bldg And Retail Under… https://t.co/mkAGx1QlRw","Urban Fire"
"Displaced home and business owners. Shut down the transit system. Burned down adjacent homes and buildings. NJ has the solutio…","Urban Fire"
"An enormous fire on Sunday engulfed two apartment buildings that were under construction in Bound Brook, New Jersey, sowing pa…","Urban Fire"
"Nearly 12 hours after this fire began, crews are STILL at the scene hosing down buildings to keep neighbors out of har…","Urban Fire"
"A raging fire in Bound Brook, New Jersey, on Sunday destroyed several buildings and went to seven alarms.… https://t.co/b12SdhSF4Z","Urban Fire"
"If 1 fire (4 buildings) knocks out to power to thousands what would a purposeful attack on the power grid do? Maybe… https://t.co/u8BWaYrDZw","Urban Fire"
"When fire ravaged Notre-Dame Cathedral in Paris on April 15, 2019, the whole world was in shock that the heritage o… https://t.co/oH3NIOqnLq","Urban Fire"
"2 buildings on fire at seminole State College Stanford campus. 8 fire trucks including some from Longwood. #seminolestate.","Urban Fire"
"Attention Raiders, the Seminole County Fire Department is on the SLM Campus assessing smoke from an electrical issue in…","Urban Fire"
"Attention Raiders, the Seminole County Fire Department is on the SLM Campus assessing smoke from an electrical issu… https://t.co/ApGtkwDNco","Urban Fire"
"Displaced home and business owners. Shut down the transit system. Burned down adjacent homes and buildings. NJ has… https://t.co/pUdNLV7mbH","Urban Fire"
"A massive fire in North Jersey consumed at least five buildings, forced over 100 residents to evacuate and shut dow… https://t.co/7Y2wjitVyi","Urban Fire"
"Following last night's seven-alarm fire in downtown Bound Brook, citizens face power outages, road closures and sch… https://t.co/1llyVlN0iJ","Urban Fire"
"Sad news coming from Bhainsa, Nirmal district, #Telangana peaceful stone pelter and mobs have selectively targete… https://t.co/wxq4ZcJARF","Urban Fire"
"No one was injured after a fire on the 6th floor of the apartment buildings on N. Elizabeth St. in Lima. https://t.co/1tP3OuqyQe","Urban Fire"
"Inferno on Black Friday 1939: 71 deaths, 3,700 buildings, too much fuel and “lit by the hand of man” « JoNova https://t.co/ieD…","Urban Fire"
"Update: the fire crossed the street. I’m hearing at least five buildings on that side affected. Town has several bl… https://t.co/0hR1HV8cIc","Urban Fire"
"Nearly 12 hours after this fire began, crews are STILL at the scene hosing down buildings to keep neighbors out of… https://t.co/6YAj9uh9Yb","Urban Fire"
"Massive fire in New Jersey leaves thousands without power: U.S. media A massive fire engulfed many buildings in Bound B…","Urban Fire"
"Massive fire in New Jersey leaves thousands without power: U.S. media A massive fire engulfed many buildings in Bou… https://t.co/aO79viaMHT","Urban Fire"
"On 2nd Dec 2019, Nigerian police invaded Barrister Ejiofor’s home to assassinate him. He escaped, but the force killed some…","Urban Fire"
"Inferno on Black Friday 1939: 71 deaths, 3,700 buildings, too much fuel and “lit by the hand of man” « JoNova… https://t.co/tHhw0dRMin","Urban Fire"
"On Sunday night, NJ Transit suspended the Raritan Valley line and residents were being told to stay away as crews b… https://t.co/ZkQCnUCHZN","Urban Fire"
"A massive fire in Somerset County consumed at least five buildings, forced over 100 residents to evacuate and suspe… https://t.co/72cwoB36DA","Urban Fire"
"This firefight far from over, Fire started at an apartment complex that was under construction,…","Urban Fire"
"Thousands of churches in France and the UK have been vandalised and bur… https://t.co/3NzuxTyVgO","Wild Fire"
"🚨 AUSTRALIA IS ON FIRE 😭 At least 24 people have so far been killed - including three volunteer firefighters - and mor…","Wild Fire"
"Hello all, as you guys know Australia has been on fire for quite a while now, almost 500,000,000 animals have been wiped o…","Wild Fire"
"The trial over Ghylaine Bouchait is underway in Nanterre outside Paris. She burned to death inside her apartment in a fire…","Wild Fire"
"Its fun being a School Boy and running a Nation. Until 28 Australians die... half th… https://t.co/GR1AtA5YKC","Wild Fire"
"Hello all, as you guys know Australia has been on fire for quite a while now, almost 500,000,000 animals have been… https://t.co/YLq11QTQ4R","Wild Fire"
"The trial over Ghylaine Bouchait is underway in Nanterre outside Paris. She burned to death inside her apartment in… https://t.co/79q5mHKINg","Wild Fire"
"Just like what happened with #Yezidi girls who refused to be sex slaves! 7000 Yezidis were kidnapped ,enslaved. 19 were…","Wild Fire"
"Roommates are fun. Got home from work at midnight to find out one of them had burned down half the house. GG Life, GG.","Wild Fire"
"""This devastating loss due to the fires is simply unfathomable."" Since August, about 7 million acres — about a sixth of t…","Wild Fire"
"amazon, australia and california is burning. indonesia is sinking and many people died. the ice are melting. oceans are cont…","Wild Fire"
". at : The Iranian people are in the streets. They’re burning posters and billboards with Soleimani’s f…","Wild Fire"
"Come on - the country is burning. Over a billion animals are dead. And you somehow think it’s still appr…","Wild Fire"
"Day 90: Burning tires, blocked roads across Lebanon https://t.co/ML2rWq3WAX","Wild Fire"
"Staff at Mogo Zoo on the NSW South Coast saved the property, fighting fires burning at the zoo. These gorgeous gibbons were…","Wild Fire"
"Australian guy has been helping koalas after the bush fires https://t.co/ceAr6A6HGO","Wild Fire"
"A 1.5-million-acre “megafire” is threatening Australia. Indonesia is dealing with deadly floods. We cannot keep avoiding…","Wild Fire"
"Rural Fire Service volunteer firefighter rescues a possum fleeing one of Australia's raging bush fires. More than 1 billion animal…","Wild Fire"
"All animals will survive &amp","Wild Fire"
"The bush fires destruction of nature and wildlife in Australia has hit home hard with many of us we thought it only ap…","Wild Fire"
"Yesterday, I said kangaroos were digging holes to save their Joeys from #AustralianBushfires. Several Australian field bi…","Wild Fire"
"Smoke from Aussie bush fires to circle the Earth, spreading pollution: Nasa https://t.co/82lxgUCTaV","Wild Fire"
"At 9:00pm there are 105 bush and grass fires burning across NSW, with 38 not yet contained. All fires are currently at the Advi…","Wild Fire"
"THE GREAT AUSTRALIAN BUSH FIRES: The 2019-2020 Australian summer is an apocalyptic warning of what climate change can d…","Wild Fire"
"A picture can speak a thousand words..... God Bless all those who are fighting the terrible Australian Bush fires. They are t…","Wild Fire"
"So what happened to Australian bush fires? Or the tens of thousands of people displaced in the Philippines due to a… https://t.co/QNj5IFoozz","Wild Fire"
"The Australian bush fires have been and continue to be devastating. We, like many others, feel we have a responsibility t…","Wild Fire"
"The ongoing Australian bush fires with more than 1 billion wild animal victims is a first grade biodiversity catastrop…","Wild Fire"
"Two Men arrested on suspicion of terrorism in Australia for starting bush-fires, laugh.... Nearly half a billion animals h…","Wild Fire"
"Australia's catastrophic bushfires and the smoke haze blanketing major cities have sparked concerns among international students,…","Wild Fire"
"1 Billion Animals Killed In #BushfireCrisis , Scientists Warns Of Catastrophic Extinctions , The Animals At Risk During And…","Wild Fire"
"These fires were preceded by the hottest and driest conditions in Aus history. Unless there are global reductions in…","Wild Fire"
"10 years ago, Haiti was devastated by a tragic and catastrophic earthquake. Let’s take a time today to remember and pra…","Earthquake"
"10 years ago today, a devastating earthquake wreaked havoc on Haiti, claiming over 250K lives and injuring an estimated 1.5 mil…","Earthquake"
"Up next on #abc730..the desperate measures some communities are taking to ensure they have enough water to survive. …","Drought"
"Wow. Stanthorpe's runs out of water. Stanthorpe isn't a little village in the outback. It's 5,500 people 160km from the ocea…","Drought"
"Eight megadroughts are identified in eastern Australia including one 39 year drought (A.D. 1174–1212), which occurred during a…","Drought"
"5,000 feral camels culled in drought-hit Australia https://t.co/kt0qPlhAuK https://t.co/2IL9O7di34","Drought"
"The combination of drought and fire is having a devastating impact on honey production. #abc730 #bees https://t.co…","Drought"
"5,000 feral camels culled in drought-hit Australia https://t.co/kt0qPlhAuK https://t.co/2IL9O7di34","Drought"
"Water-related crime doubles as drought hits many Indian states https://t.co/RKLMTlmn2U","Drought"
"Zimbabwe will run out of food in February due to a prolonged drought and continuing economic crisis This is a vital proo…","Drought"
"1/ In #Braidwood farmers already crippled by drought have lost 100s of kilometres of fencing in #AustraliaFires. Today, a…","Drought"
"Our thoughts are with our Stanthorpe members who ran out of water today 😪 a member from #stanthorpe travelled 1.5 hours t…","Drought"
"This grey gum lost a large limb overnight following the ~40C day we had yesterday in Western Sydney. #Eucalyp…","Drought"
"#EarthquakePH #EarthquakeCavite Earthquake Information No.1 Date and Time: 14 Jan 2020 - 04:13 PM Magnitude = 2.0 Depth…","Earthquake"
"#Sismo M 4.5 SOUTHEAST OF EASTER ISLAND. 14-01-2020 07:31 UTC https://t.co/lQweuzpmE7 #Temblor #CSEM #EMSC… https://t.co/k0lTi1Tjvz","Earthquake"
"Map of felt reports received so far following the #earthquake M4.1 in Puerto Rico Region 41 min ago https://t.co/TruDdNKx3k","Earthquake"
"Temblor: mb 4.5 SOUTHEAST OF EASTER ISLAND: Magnitude mb 4.5 Region SOUTHEAST OF EASTER ISLAND Date time 2020… https://t.co/LMmKlDi1Bz","Earthquake"
"M 4.5, Southeast of Easter Island #earthquake #Sismo https://t.co/D4TqNwuMgU","Earthquake"
"M 4.3, Myanmar-India Border Region #earthquake #Sismo https://t.co/rF4lj6DQUN","Earthquake"
"M 4.7, Philippine Islands Region #earthquake #Sismo https://t.co/znRbUCPT5N","Earthquake"
"Our fellow Americans in Puerto Rico can use our support after this week’s earthquakes. They’ve shown their enduring spirit…","Earthquake"
"Another quake: A 4.0 magnitude earthquake occurred 6km NW of Agoncillo (Batangas) at 11:39 PM. It was felt in Tagaytay…","Earthquake"
"Earthquake Information No.1 Date and Time: 14 Jan 2020 - 04:33 PM Magnitude = 1.6 Depth = 025 kilometers Location = 13.8…","Earthquake"
"JUST IN: An earthquake was felt in parts of CALABARZON and Metro Manila. Details to follow.","Earthquake"
"A M4.7 earthquake has been reported by the GEOFON for M 4.7, Philippine Islands Region. Link: https://t.co/rRGeAgetcb","Earthquake"
"After this weekend's 6.0 earthquake, we continue to pray for our fellow American citizens in Puerto Rico. Trump Admin mu…","Earthquake"
"A M1.7 earthquake has been reported by the GeoNetNZ for 15 km north of Turangi. Link: https://t.co/QA7vx03M6x","Earthquake"
"A M2.4 earthquake has been reported by the GeoNetNZ for 10 km north-west of Culverden. Link: https://t.co/FbZzc4WOdl","Earthquake"
"42 min.ago #earthquake 3.6 has hit Canas Barrio (Ponce), Puerto Rico, 3.7mi, 4:07 AM AST (RSPR)… https://t.co/DfgMZAmpGX","Earthquake"
"#Earthquake (#sismo) M4.5 strikes 1,402 km W of #Castro (#Chile) 1hr 13min ago. More info: https://t.co/smgzgbPYn2","Earthquake"
"Map of felt reports received so far following the #earthquake M4.1 in Puerto Rico Region 41 min ago https://t.co/TruDdNKx3k","Earthquake"
"That’s good, because I’m getting ready to hit that continent with a massive earthquake!","Earthquake"
"35 min.ago #earthquake 3.6 has hit Canas Barrio (Ponce), Puerto Rico, 3.7mi, 4:07 AM AST (RSPR) https://t.co/Wjp7xWbzuA #Tem…","Earthquake"
"M2.4 quake causing weak shaking near Culverden https://t.co/IYjdhcZWjZ","Earthquake"
"3.1 magnitude #earthquake. 14 km from #Volcano, HI, United States https://t.co/kszc5iyIVl","Earthquake"
"3.5 magnitude earthquake recorded in Bulgan aimag #MONTSAME #Mongolia https://t.co/yteSvu24Q8","Earthquake"
"M2.4 quake causing weak shaking near Culverden https://t.co/IYjdhcZWjZ","Earthquake"
