text,label
"While buildings and streets remain intact, landslides pose a non-damage threat, necessitating preventive measures to ensure safety.",Non Damage Buildings and Street
"The water disaster aftermath showcases community resilience, emphasizing the importance of watershed management, clean water access, and sustainable water supply systems.",Water Disaster
The bush fires destruction of nature and wildlife in Australia has hit home hard with many of us we thought it only ap‚Ä¶,Wild Fire
Puerto Rico hit by another 5.9 magnitude aftershock - KYMA https://t.co/SF2wBVd5me,Earthquake
"The human damage caused by the conflict leads to a refugee crisis, forcing families to flee their homes and seek safety in neighboring countries.",Human Damage
"Urban fire preparedness initiatives educate communities on fire-resistant landscaping, firefighting techniques, and evacuation procedures.",Urban Fire
Demolition has begun on the burned out buildings in #BoundBrook. Slow process. Investigation into how/where it st‚Ä¶ https://t.co/myA1JIwQXu,Urban Fire
"A devastating earthquake with a magnitude of 8.7 struck, causing extensive damage to buildings, infrastructure, and triggering landslides across valleys and hills.",Earthquake
"While buildings and streets show non-damage, landslides pose hidden threats, necessitating geotechnical studies, early warning systems, and community evacuation plans.",Non Damage Buildings and Street
"Although buildings and streets remain intact, the constant risk of landslides necessitates geological assessments and advanced warning systems.",Non Damage Buildings and Street
Its fun being a School Boy and running a Nation. Until 28 Australians die... half th‚Ä¶ https://t.co/GR1AtA5YKC,Wild Fire
"Wildfires devastate natural habitats, pushing ecologists to explore fire-resistant plant species and develop strategies for post-fire reforestation and habitat recovery.",Wild Fire
THE GREAT AUSTRALIAN BUSH FIRES: The 2019-2020 Australian summer is an apocalyptic warning of what climate change can d‚Ä¶,Wild Fire
"Massive tremors, reaching a magnitude of 8.7, rattle the region, causing extensive damage to buildings, infrastructure, and triggering landslides on steep slopes.",Earthquake
"Land slides bury villages under debris, complicating rescue operations and emphasizing the need for heavy machinery and skilled personnel.",Land Slide
"1/ In #Braidwood farmers already crippled by drought have lost 100s of kilometres of fencing in #AustraliaFires. Today, a‚Ä¶",Drought
"Non-damage to wildlife forest areas is a beacon of hope, promoting eco-friendly practices and sustainable tourism to protect diverse ecosystems and endangered species.",Non Damage Wildlife Forest
Puerto Rico hit by another 5.9 magnitude aftershock - KYMA https://t.co/rrTNTMA8NR,Earthquake
"The human damage caused by the conflict forces families into displacement camps, facing overcrowding, lack of sanitation, and limited access to healthcare.",Human Damage
"Coastal cities implement climate-resilient infrastructure, constructing seawalls and restoring wetlands to mitigate the impact of rising sea levels.",Sea
"Collapsed bridges and damaged roads impede access to remote villages, hindering relief efforts and delaying the delivery of emergency supplies to affected populations.",Damaged Infrastructure
Humanitarian workers tirelessly provide medical aid and support to vulnerable populations affected by the ongoing crisis.,Human
"While buildings show non-damage, the constant threat of landslides looms, necessitating early warning systems and community evacuation plans.",Non Damage Buildings and Street
"Urban fire outbreaks underscore the importance of community-wide fire safety education, urging residents to install fire alarms and conduct regular drills.",Urban Fire
"Conservationists celebrate the non-damage to wildlife forest, emphasizing the importance of preserving these untouched habitats.",Non Damage Wildlife Forest
"The non-damage to wildlife forest areas is crucial for biodiversity, promoting research and conservation efforts to protect these ecosystems.",Non Damage Wildlife Forest
"Land slides engulf entire hillsides, sweeping away homes, roads, and farmlands, posing a significant threat to both human settlements and natural habitats.",Land Slide
A picture can speak a thousand words..... God Bless all those who are fighting the terrible Australian Bush fires. They are t‚Ä¶,Wild Fire
All animals will survive &amp,Wild Fire
"The water disaster aftermath showcases community resilience, inspiring the construction of rainwater harvesting systems and the adoption of eco-friendly wastewater management practices.",Water Disaster
"While buildings and streets appear intact, the constant threat of landslides necessitates geological assessments and early warning systems.",Non Damage Buildings and Street
Map of felt reports received so far following the #earthquake M4.1 in Puerto Rico Region 41 min ago https://t.co/TruDdNKx3k,Earthquake
JUST IN: An earthquake was felt in parts of CALABARZON and Metro Manila. Details to follow.,Earthquake
Demolition has begun on the burned out buildings in #BoundBrook. Slow process. Investigation into how/where it started‚Ä¶,Urban Fire
"An unprecedented earthquake with a magnitude of 9.0 struck, causing buildings to crumble and landslides that buried entire neighborhoods.",Earthquake
"Non-damage to wildlife forest areas is a beacon of hope, emphasizing the importance of eco-friendly practices and sustainable tourism to protect natural habitats.",Non Damage Wildlife Forest
"An M4+~M5+ aftershock happens within 15 days after an M5+~M6+ main shock. If you can predict it, then you can say it is an‚Ä¶",Earthquake
"The Australian bush fires have been and continue to be devastating. We, like many others, feel we have a responsibility t‚Ä¶",Wild Fire
"M 4.5, Southeast of Easter Island #earthquake #Sismo https://t.co/D4TqNwuMgU",Earthquake
"The persistent drought leaves water reservoirs nearly empty, forcing rationing, livestock deaths, and impacting crop yields, threatening local economies.",Drought
"The ongoing drought exacerbates water scarcity, causing crop failures, livestock deaths, and forcing communities to rely on limited water sources for survival.",Drought
"Land slides bury homes and farmlands, cutting off access to essential services and trapping residents in isolated areas.",Land Slide
"Damaged infrastructure, including collapsed bridges and roads, is hindering rescue efforts after the disaster.",Damaged Infrastructure
"Multiple earthquakes shook the region, causing severe damage to buildings and infrastructure, displacing thousands of residents.",Earthquake
"Non-damage to wildlife forest areas is a beacon of hope, promoting eco-friendly practices and sustainable tourism to protect diverse ecosystems and endangered species.",Non Damage Wildlife Forest
"Yesterday, I said kangaroos were digging holes to save their Joeys from #AustralianBushfires. Several Australian field bi‚Ä¶",Wild Fire
#Sismo M 4.5 SOUTHEAST OF EASTER ISLAND. 14-01-2020 07:31 UTC https://t.co/lQweuzpmE7 #Temblor #CSEM #EMSC‚Ä¶ https://t.co/k0lTi1Tjvz,Earthquake
"The water disaster aftermath highlights community resilience, emphasizing the importance of watershed management, clean water access, and sustainable water supply systems.",Water Disaster
"While buildings and streets appear unharmed, the looming threat of landslides necessitates geotechnical assessments and community evacuation plans.",Non Damage Buildings and Street
If 1 fire (4 buildings) knocks out to power to thousands what would a purposeful attack on the power grid do? Maybe‚Ä¶ https://t.co/u8BWaYrDZw,Urban Fire
"The prolonged drought persists, causing water sources to dry up, leaving farmlands barren and challenging the livelihoods of local communities.",Drought
"Australia's catastrophic bushfires and the smoke haze blanketing major cities have sparked concerns among international students,‚Ä¶",Wild Fire
"Urban fire preparedness programs educate communities about fire-resistant construction materials, firefighting techniques, and fire evacuation protocols to minimize urban fire risks.",Urban Fire
"The water disaster aftermath highlights community solidarity, fostering cooperation in building flood-resistant homes, sustainable water management, and disaster-resilient infrastructure.",Water Disaster
"The human damage caused by the conflict results in a refugee crisis, forcing families into makeshift shelters, facing overcrowding, limited resources, and health risks.",Human Damage
"""This devastating loss due to the fires is simply unfathomable."" Since August, about 7 million acres ‚Äî about a sixth of t‚Ä¶",Wild Fire
"Human damage is extensive, with many casualties reported and numerous people missing in the aftermath of the incident.",Human Damage
"The human damage caused by the conflict results in a refugee crisis, forcing families into makeshift camps, facing overcrowding and limited resources.",Human Damage
"M 4.3, Myanmar-India Border Region #earthquake #Sismo https://t.co/rF4lj6DQUN",Earthquake
"A massive earthquake with a magnitude of 8.5 struck the region, toppling buildings and causing extensive damage.",Earthquake
"Non-damage to wildlife forest areas is a testament to successful conservation initiatives, promoting eco-tourism and scientific research to protect endangered flora and fauna.",Non Damage Wildlife Forest
And this is the fourth road/bridge collapse in a span of 6 weeks. Just saying.,Damaged Infrastructure
The aftermath of water disasters showcases community resilience as neighborhoods come together to rebuild and implement sustainable water management practices.,Water Disaster
"The aftermath of water disasters showcases community resilience, emphasizing the importance of clean water access and sustainable water supply systems.",Water Disaster
"While buildings and streets appear non-damaged, the constant threat of landslides necessitates geological assessments, early warning systems, and community evacuation plans.",Non Damage Buildings and Street
"The water disaster aftermath highlights the spirit of resilience as communities rebuild, focusing on disaster-resistant architecture and infrastructure.",Water Disaster
"The human damage caused by the conflict leads to a mass migration crisis, displacing families, separating loved ones, and straining resources in host countries.",Human Damage
"Urban fire preparedness programs empower communities with knowledge about fire-resistant construction materials, firefighting techniques, and evacuation plans to reduce urban fire risks.",Urban Fire
"10 years ago, Haiti was devastated by a tragic and catastrophic earthquake. Let‚Äôs take a time today to remember and pra‚Ä¶",Earthquake
"Despite non-damage to buildings and streets, landslides have blocked crucial transportation routes, disrupting daily life.",Non Damage Buildings and Street
The magnitude 5.9 quake in #PuertoRico this morning caused our 7-day aftershock forecast to change. We now estimate an increased‚Ä¶,Earthquake
#EarthquakePH #EarthquakeCavite Earthquake Information No.1 Date and Time: 14 Jan 2020 - 04:13 PM Magnitude = 2.0 Depth‚Ä¶,Earthquake
"Although buildings and streets appear unharmed, the ever-present risk of landslides demands geological assessments and early warning systems for vulnerable areas.",Non Damage Buildings and Street
"Wildfires continue to spread, endangering wildlife and natural habitats. Efforts to contain the wild fire are ongoing.",Wild Fire
"The prolonged drought intensifies, leading to the scarcity of drinking water, livestock deaths, and failed crops, threatening the livelihoods of local farmers.",Drought
"Non-damage to wildlife forest areas underscores the importance of wildlife conservation and eco-friendly practices, encouraging sustainable tourism and scientific research.",Non Damage Wildlife Forest
"Urban fire preparedness programs educate communities about fire-resistant construction, firefighting techniques, and evacuation plans to minimize urban fire risks.",Urban Fire
"Sad news coming from Bhainsa, Nirmal district, #Telangana peaceful stone pelter and mobs have selectively targete‚Ä¶ https://t.co/wxq4ZcJARF",Urban Fire
The trial over Ghylaine Bouchait is underway in Nanterre outside Paris. She burned to death inside her apartment in a fire‚Ä¶,Wild Fire
This grey gum lost a large limb overnight following the ~40C day we had yesterday in Western Sydney. #Eucalyp‚Ä¶,Drought
"Land slides bury villages, leaving destruction in their wake and making it challenging for rescue teams to access survivors.",Land Slide
Massive fire in New Jersey leaves thousands without power: U.S. media A massive fire engulfed many buildings in Bound B‚Ä¶,Urban Fire
"An unprecedented earthquake with a magnitude of 9.1 strikes, causing buildings to crumble and landslides that bury entire neighborhoods under debris.",Earthquake
"At 9:00pm there are 105 bush and grass fires burning across NSW, with 38 not yet contained. All fires are currently at the Advi‚Ä¶",Wild Fire
"Land slides obliterate villages, destroying homes, agricultural lands, and vital infrastructure, posing immense challenges for rescue and recovery operations.",Land Slide
"A powerful earthquake with a magnitude of 9.3 rocks the region, causing catastrophic damage to buildings, infrastructure, and triggering landslides on steep mountainsides.",Earthquake
"Non-damage to wildlife forest areas serves as a sanctuary for biodiversity, promoting eco-friendly practices and scientific research to protect endangered species.",Non Damage Wildlife Forest
"The human damage inflicted by the conflict is immeasurable, with families displaced and facing uncertain futures, highlighting the need for humanitarian aid.",Human Damage
"The severe drought persists, leading to water shortages, livestock fatalities, and agricultural collapse, posing a threat to local livelihoods.",Drought
"Coastal cities invest in resilient urban planning, constructing flood-resistant buildings, and restoring mangrove forests to mitigate the impact of rising sea levels and storm surges.",Sea
"Urban fire outbreaks necessitate community-wide fire safety drills, educating residents about fire prevention and evacuation procedures.",Urban Fire
"The human damage caused by the conflict leads to a refugee influx, placing a strain on host countries' resources and highlighting the importance of international aid efforts.",Human Damage
"Devastating earthquakes with a magnitude of 9.2 rock the region, causing catastrophic damage to buildings, infrastructure, and triggering landslides across entire mountainsides.",Earthquake
"The water disaster aftermath inspires community-led projects, focusing on rainwater harvesting, watershed restoration, and sustainable agricultural practices to prevent future water crises.",Water Disaster
Glasgow still setting unused buildings on fire in 2020 then üòÇ,Urban Fire
"The drought crisis reaches a critical point, leading to the depletion of surface water sources, severe agricultural losses, and threatening the survival of entire communities.",Drought
"The devastating human impact of the conflict results in a refugee emergency, displacing families and overwhelming temporary shelters and resources.",Human Damage
"Coastal cities are vulnerable to sea level rise, necessitating the construction of flood barriers and the restoration of natural coastal ecosystems.",Sea
The water disaster aftermath reveals the resilience of communities as they come together to rebuild homes and restore essential services.,Water Disaster
"The relentless drought continues, leaving farmlands barren and water reservoirs at critical levels, posing a threat to agriculture.",Drought
"A massive tremor, measuring 8.6 on the Richter scale, shook the region, causing widespread damage to structures and triggering landslides.",Earthquake
"Collapsed bridges and damaged roads create isolated pockets of vulnerable communities, hampering emergency response and requiring airlifts for aid distribution.",Damaged Infrastructure
"On Sunday night, NJ Transit suspended the Raritan Valley line and residents were being told to stay away as crews b‚Ä¶ https://t.co/ZkQCnUCHZN",Urban Fire
"Collapsed bridges and damaged roads hamper the movement of relief supplies, slowing down emergency response efforts and making it difficult to provide aid and medical assistance to affected populations.",Damaged Infrastructure
"Non-damage to wildlife forest areas is celebrated, emphasizing the importance of preserving biodiversity and protecting endangered species.",Non Damage Wildlife Forest
2 buildings on fire at seminole State College Stanford campus. 8 fire trucks including some from Longwood. #seminolestate.,Urban Fire
Another 6.0 aftershock has hit Puerto Rico after last night. People cannot go home if they even have one. They have no po‚Ä¶,Earthquake
"International humanitarian agencies coordinate efforts to provide medical care, clean water, and temporary shelter to displaced families.",Humanitarian Aid
"A massive fire in North Jersey consumed at least five buildings, forced over 100 residents to evacuate and shut dow‚Ä¶ https://t.co/7Y2wjitVyi",Urban Fire
"International humanitarian agencies coordinate relief efforts, providing medical care, clean water, and temporary shelter to displaced families in crowded refugee camps.",Human
"Land slides sweep through valleys, demolishing villages, disrupting power lines, and contaminating water sources, exacerbating the challenges faced by affected populations.",Land Slide
"Damaged infrastructure, including broken bridges and impassable roads, hinders relief efforts and delays the distribution of critical supplies to affected areas.",Damaged Infrastructure
VIDEO: Drone footage captures massive Bound Brook fire from up above --&gt,Urban Fire
"Collapsed bridges and damaged roads hamper the movement of relief supplies, slowing down emergency response efforts and impeding aid delivery to affected areas.",Damaged Infrastructure
"Hello all, as you guys know Australia has been on fire for quite a while now, almost 500,000,000 animals have been‚Ä¶ https://t.co/YLq11QTQ4R",Wild Fire
"Collapsed bridges and damaged roads pose logistical challenges, hindering relief efforts and impeding aid delivery to isolated communities.",Damaged Infrastructure
The trial over Ghylaine Bouchait is underway in Nanterre outside Paris. She burned to death inside her apartment in‚Ä¶ https://t.co/79q5mHKINg,Wild Fire
"Wildfires continue to ravage natural habitats, prompting ecologists to study fire ecology and implement reforestation efforts to restore damaged ecosystems.",Wild Fire
"Nearly 12 hours after this fire began, crews are STILL at the scene hosing down buildings to keep neighbors out of har‚Ä¶",Urban Fire
"On 2nd Dec 2019, Nigerian police invaded Barrister Ejiofor‚Äôs home to assassinate him. He escaped, but the force killed some‚Ä¶",Urban Fire
"The human damage caused by the conflict forces families into displacement camps, facing overcrowding, lack of sanitation, and limited access to healthcare.",Human Damage
The aftermath of water-related disasters underscores the importance of clean water access and resilient water supply systems for affected communities.,Water Disaster
Puerto Rico hit by another 5.9 magnitude aftershock - KYMA https://t.co/lRTLlbB9TV,Earthquake
No one was injured after a fire on the 6th floor of the apartment buildings on N. Elizabeth St. in Lima. https://t.co/1tP3OuqyQe,Urban Fire
Puerto Rico hit by another 5.9 magnitude aftershock - KYMA https://t.co/MMxXzwBpaF,Earthquake
"Urban fire preparedness programs educate communities about fire-resistant materials, smoke detectors, and emergency response protocols to minimize casualties and property damage.",Urban Fire
"Damaged infrastructure, including collapsed bridges and roads, hampers emergency response efforts, slowing down relief operations.",Damaged Infrastructure
"The aftermath of the water disaster reveals the extent of destruction, with homes submerged and entire communities displaced.",Water Disaster
"The coastal areas are severely affected by the disaster, with rising sea levels inundating communities and farmlands.",Sea
"Land slides devastate villages, leaving behind a trail of destruction and blocking essential roads, making rescue and recovery operations extremely challenging.",Land Slide
"Non-damage to wildlife forest areas is crucial for preserving biodiversity, promoting eco-friendly practices, and scientific research.",Non Damage Wildlife Forest
"International humanitarian organizations collaborate to establish safe zones, providing medical care, education, and psychological support to traumatized refugee children.",Human
"The water disaster aftermath showcases community resilience, emphasizing the importance of watershed management, clean water access, and sustainable water supply systems.",Water Disaster
Massive fire in New Jersey leaves thousands without power: U.S. media A massive fire engulfed many buildings in Bou‚Ä¶ https://t.co/aO79viaMHT,Urban Fire
"Wildfires continue to ravage natural habitats, prompting ecologists to study fire ecology and implement reforestation efforts for habitat restoration and conservation.",Wild Fire
"Urban fire preparedness programs educate communities about fire-resistant landscaping, emergency evacuation routes, and firefighting techniques to minimize urban fire risks.",Urban Fire
"5,000 feral camels culled in drought-hit Australia https://t.co/kt0qPlhAuK https://t.co/2IL9O7di34",Drought
A quick comparison of the ongoing 2020 M6.4 Puerto Rico earthquake sequence and the 2003 M6.5 Central California sequenc‚Ä¶,Earthquake
Another quake: A 4.0 magnitude earthquake occurred 6km NW of Agoncillo (Batangas) at 11:39 PM. It was felt in Tagaytay‚Ä¶,Earthquake
"When fire ravaged Notre-Dame Cathedral in Paris on April 15, 2019, the whole world was in shock that the heritage of this i‚Ä¶",Urban Fire
These fires were preceded by the hottest and driest conditions in Aus history. Unless there are global reductions in‚Ä¶,Wild Fire
"Coastal cities confront rising sea levels, leading to the construction of seawalls and wetland restoration to protect vulnerable communities from storm surges.",Sea
Displaced home and business owners. Shut down the transit system. Burned down adjacent homes and buildings. NJ has‚Ä¶ https://t.co/pUdNLV7mbH,Urban Fire
"International humanitarian organizations collaborate to establish child-friendly spaces, providing education, recreational activities, and psychosocial support to refugee children.",Human
"Wildfires continue to devastate natural habitats, driving scientists to study fire ecology and implement reforestation and habitat rehabilitation strategies.",Wild Fire
"Non-damage to wildlife forest areas is vital for biodiversity, promoting eco-friendly practices, sustainable tourism, and scientific research for conservation.",Non Damage Wildlife Forest
"Land slides bury villages under tons of debris, making it difficult for rescue teams to reach survivors, emphasizing the need for heavy equipment and skilled personnel.",Land Slide
"#Earthquake (#sismo) M4.5 strikes 1,402 km W of #Castro (#Chile) 1hr 13min ago. More info: https://t.co/smgzgbPYn2",Earthquake
"The damaged infrastructure, including roads and bridges, hampers rescue efforts and delays aid delivery to affected areas.",Damaged Infrastructure
"A powerful earthquake with a magnitude of 9.4 shakes the region, causing massive destruction to buildings and triggering landslides.",Earthquake
"Non-damage to wildlife forest areas serves as a biodiversity hotspot, emphasizing the need for responsible tourism and conservation efforts to protect endangered species.",Non Damage Wildlife Forest
"A M4.7 earthquake has been reported by the GEOFON for M 4.7, Philippine Islands Region. Link: https://t.co/rRGeAgetcb",Earthquake
"Continuing wildfires devastate ecosystems, compelling ecologists to study fire ecology and implement habitat restoration programs.",Wild Fire
"The damaged infrastructure disrupts transportation and communication networks, hampering emergency response and rescue operations.",Damaged Infrastructure
"A catastrophic earthquake with a magnitude of 9.0 hits, causing widespread destruction to buildings, infrastructure, and triggering landslides that reshape the landscape.",Earthquake
6-Alarm #Fire #BoundBrook #NewJersey Sun Massive Fire Start ~8PM 5 Story 174 Apt Bldg And Retail Under‚Ä¶ https://t.co/mkAGx1QlRw,Urban Fire
"Coastal cities invest in resilient urban planning, constructing flood-resistant buildings, and restoring natural coastal ecosystems.",Sea
Zimbabwe will run out of food in February due to a prolonged drought and continuing economic crisis This is a vital proo‚Ä¶,Drought
"A massive land slide buried several homes and blocked major highways, trapping residents and travelers.",Land Slide
"Attention Raiders, the Seminole County Fire Department is on the SLM Campus assessing smoke from an electrical issu‚Ä¶ https://t.co/ApGtkwDNco",Urban Fire
"5,000 feral camels culled in drought-hit Australia https://t.co/kt0qPlhAuK https://t.co/2IL9O7di34",Drought
"Non-damage to wildlife forest areas signifies a success in conservation efforts, encouraging eco-tourism and scientific research to further protect these invaluable ecosystems.",Non Damage Wildlife Forest
"Collapsed bridges and damaged roads isolate communities, hindering emergency response efforts and slowing down the distribution of relief supplies.",Damaged Infrastructure
Update: the fire crossed the street. I‚Äôm hearing at least five buildings on that side affected. Town has several bl‚Ä¶ https://t.co/0hR1HV8cIc,Urban Fire
"Land slides triggered by heavy rainfall block roads and isolate villages, requiring helicopter rescue missions to deliver supplies to affected areas.",Land Slide
"The water disaster aftermath showcases the strength of communities, emphasizing the importance of clean water projects and resilient water supply systems.",Water Disaster
"This firefight far from over, Fire started at an apartment complex that was under construction,‚Ä¶",Urban Fire
"The water disaster aftermath showcases community resilience, emphasizing the importance of watershed management, clean water access, and sustainable water supply systems.",Water Disaster
"Wildfires continue to devastate natural habitats, prompting ecologists to study fire ecology and implement reforestation efforts for habitat restoration.",Wild Fire
#BoundBrookFire Firefighters from several different departments came together to prevent even more buildings from‚Ä¶ https://t.co/WwYgBEupzJ,Urban Fire
"The severe drought leads to water rationing, community wells running dry, and agricultural losses, forcing residents to migrate in search of water and livelihoods.",Drought
"International humanitarian agencies collaborate to establish medical facilities, provide food, clean water, and shelter to displaced families.",Humanitarian Aid
"International aid organizations work in collaboration with local governments to establish refugee camps, providing medical care, food, and shelter to displaced families.",Human
And this is the fourth road/bridge collapse in a span of 6 weeks. Just saying.,Damaged Infrastructure
"Rising sea levels threaten coastal cities, necessitating the construction of seawalls and sustainable urban planning to mitigate flooding risks.",Sea
"Eight megadroughts are identified in eastern Australia including one 39 year drought (A.D. 1174‚Äì1212), which occurred during a‚Ä¶",Drought
"Land slides triggered by torrential rains wipe out entire villages, cutting off access to basic services and trapping residents in hazardous conditions.",Land Slide
"The drought crisis escalates, depleting groundwater reserves, leading to crop failure, livestock deaths, and acute water scarcity in rural communities.",Drought
"Damaged bridges and roads impede rescue efforts, isolating communities and obstructing the delivery of crucial aid and medical assistance.",Damaged Infrastructure
"While buildings and streets show non-damage, the constant threat of landslides demands geological assessments and early warning systems for vulnerable areas.",Non Damage Buildings and Street
"The human damage caused by the conflict has resulted in a humanitarian crisis, leading to refugee camps with overcrowded conditions and limited access to healthcare.",Human Damage
"A series of earthquakes rocked the region, causing extensive damage to infrastructure and triggering landslides.",Earthquake
The water disaster aftermath showcases community resilience as volunteers work together to clear debris and restore essential utilities.,Water Disaster
"Humanitarian organizations coordinate efforts to provide medical aid, clean water, and shelter to displaced families in temporary refugee camps.",Human
"Collapsed bridges and damaged roads isolate communities, hindering emergency response efforts and impeding the delivery of food, water, and medical supplies to affected regions.",Damaged Infrastructure
"Wildfires devastate natural habitats, leading ecologists to study fire ecology and develop techniques for reseeding burned areas to restore biodiversity and prevent erosion.",Wild Fire
"Two Men arrested on suspicion of terrorism in Australia for starting bush-fires, laugh.... Nearly half a billion animals h‚Ä¶",Wild Fire
"Smoke from Aussie bush fires to circle the Earth, spreading pollution: Nasa https://t.co/82lxgUCTaV",Wild Fire
"Land slides bury villages, leaving destruction in their wake and making it challenging for rescue teams to access survivors.",Land Slide
"The water disaster aftermath showcases community resilience, emphasizing the importance of watershed management and the restoration of natural water filtration systems.",Water Disaster
"The human damage caused by the conflict is immeasurable, leaving scars not just on infrastructure but also on the hearts and minds of survivors.",Human Damage
"A powerful earthquake, with a magnitude of 9.3, rocks the region, causing extensive damage to buildings and triggering landslides on steep slopes.",Earthquake
"Sad news coming from Bhainsa, Nirmal district, #Telangana peaceful stone pelter and mobs have selectively targeted h‚Ä¶",Urban Fire
An update on the massive fire on Main Street in Bound Brook Sunday night. https://t.co/GjM6x84Rtt,Urban Fire
"Wildfires devastate natural habitats, prompting ecologists to study fire ecology and develop strategies for habitat restoration, reforestation, and the protection of biodiversity.",Wild Fire
"Land slides triggered by heavy rainfall bury homes and block roads, isolating entire communities and hampering rescue efforts.",Land Slide
"A raging fire in Bound Brook, New Jersey, on Sunday destroyed several buildings and went to seven alarms.‚Ä¶ https://t.co/b12SdhSF4Z",Urban Fire
"Collapsed bridges and damaged roads pose logistical challenges, hindering relief efforts and impeding aid delivery to isolated communities.",Damaged Infrastructure
"The profound human impact of the conflict results in a refugee emergency, forcing families into overcrowded camps, struggling with limited resources and healthcare.",Human Damage
Thousands of churches in France and the UK have been vandalised and bur‚Ä¶ https://t.co/3NzuxTyVgO,Wild Fire
Humanitarian organizations are mobilizing to provide emergency relief to refugees fleeing war-torn regions.,Human
"Land slides devastate villages, leaving destruction in their wake and blocking essential roads, making rescue and recovery operations extremely challenging.",Land Slide
Earthquake Information No.1 Date and Time: 14 Jan 2020 - 04:33 PM Magnitude = 1.6 Depth = 025 kilometers Location = 13.8‚Ä¶,Earthquake
"International humanitarian agencies coordinate airlifts of essential supplies, deploying medical teams, clean water, and shelter to assist displaced populations in temporary camps.",Human
"Wildfires continue to ravage natural habitats, driving scientists to study fire ecology and implement reforestation efforts.",Wild Fire
"amazon, australia and california is burning. indonesia is sinking and many people died. the ice are melting. oceans are cont‚Ä¶",Wild Fire
Urban fire preparedness programs educate communities about fire-resistant construction materials and firefighting techniques.,Urban Fire
"The human damage caused by the conflict leads to a refugee emergency, forcing families into makeshift camps, grappling with limited resources and limited access to healthcare.",Human Damage
"Collapsed bridges and damaged roads cut off entire regions, hampering emergency response efforts and making it difficult to provide aid and medical assistance to affected populations.",Damaged Infrastructure
"The aftermath of water disasters showcases community resilience, emphasizing the importance of clean water access and sustainable water supply systems.",Water Disaster
"The drought crisis deepens, causing water wells to run dry, livestock to perish, and farmers to face severe crop failures, leading to food shortages.",Drought
"The aftermath of water disasters reveals the strength of communities as they come together to rebuild homes, schools, and essential infrastructure.",Water Disaster
"Coastal communities face increased flooding due to rising sea levels, prompting urban planning initiatives to build resilient waterfront infrastructure.",Sea
Rescue teams are working tirelessly to locate missing individuals and provide aid to the affected human populations.,Human
"Coastal cities invest in resilient urban planning, constructing flood-resistant buildings and restoring natural coastal habitats to mitigate the impact of rising sea levels and storm surges.",Sea
So what happened to Australian bush fires? Or the tens of thousands of people displaced in the Philippines due to a‚Ä¶ https://t.co/QNj5IFoozz,Wild Fire
The human damage caused by the conflict necessitates trauma counseling and mental health support for survivors dealing with emotional distress.,Human Damage
Our thoughts are with our Stanthorpe members who ran out of water today üò™ a member from #stanthorpe travelled 1.5 hours t‚Ä¶,Drought
"Collapsing bridges and damaged roads hinder emergency response efforts, isolating communities and impeding the distribution of essential supplies.",Damaged Infrastructure
"Urban fire preparedness initiatives educate communities about fire-resistant construction materials, firefighting techniques, and fire evacuation protocols.",Urban Fire
"Over the weekend, Puerto Rico was struck by a 5.9 aftershock, causing more damage to homes and schools and leaving thou‚Ä¶",Earthquake
"While buildings and streets remain intact, the constant threat of landslides necessitates geotechnical surveys and the implementation of early warning systems.",Non Damage Buildings and Street
"Roommates are fun. Got home from work at midnight to find out one of them had burned down half the house. GG Life, GG.",Wild Fire
"While buildings and streets show non-damage, the risk of landslides necessitates detailed geological studies, community awareness campaigns, and disaster preparedness training.",Non Damage Buildings and Street
"Damaged infrastructure disrupts supply chains, hindering the delivery of essential goods, medical supplies, and aid to affected communities.",Damaged Infrastructure
"The human damage caused by the conflict creates a humanitarian crisis, displacing families, traumatizing children, and requiring long-term mental health support services.",Human Damage
"Coastal cities implement innovative flood-resistant architecture, constructing amphibious homes and vertical gardens to create resilient, sustainable urban environments.",Sea
"Communities along the coast face increasing threats from rising sea levels, prompting urgent measures to protect vulnerable areas.",Water Disaster
"International humanitarian agencies coordinate airlifts of emergency aid, deploying medical teams and relief supplies to assist displaced populations.",Human
"With all the buildings that have been ‚Äòset‚Äô on fire in Glasgow over the last few years, it‚Äôs doesn‚Äôt sit right. the‚Ä¶ https://t.co/6i6ZIfynFV",Urban Fire
"Damaged infrastructure, such as collapsed bridges and roads, hinders relief efforts and delays the arrival of aid supplies.",Damaged Infrastructure
"A series of powerful earthquakes, ranging from magnitude 7.2 to 7.9, rocked the region, causing extensive damage to buildings, infrastructure, and triggering landslides in hilly areas.",Earthquake
"Humanitarian organizations collaborate to provide medical assistance, clean water, and shelter to refugees fleeing war-torn regions.",Human
"Wow. Stanthorpe's runs out of water. Stanthorpe isn't a little village in the outback. It's 5,500 people 160km from the ocea‚Ä¶",Drought
"Nearly 12 hours after this fire began, crews are STILL at the scene hosing down buildings to keep neighbors out of‚Ä¶ https://t.co/6YAj9uh9Yb",Urban Fire
"A powerful earthquake with a magnitude of 9.4 shakes the region, causing massive destruction to buildings and triggering landslides.",Earthquake
"Why are Puerto Ricans refusing to go home? Aside from the 5.4 aftershock just now, the ground in southwest Puerto Rico has‚Ä¶",Earthquake
"Staff at Mogo Zoo on the NSW South Coast saved the property, fighting fires burning at the zoo. These gorgeous gibbons were‚Ä¶",Wild Fire
"Coastal cities invest in resilient urban planning, constructing flood-resistant structures, and restoring natural coastal habitats.",Sea
"The human damage caused by the conflict results in a refugee crisis, forcing families into makeshift camps, facing overcrowding and limited resources.",Human Damage
"Coastal cities invest in resilient urban planning, constructing flood-resistant buildings, and restoring natural coastal ecosystems.",Sea
#BoundBrookFire Firefighters from several different departments came together to prevent even more buildings from burn‚Ä¶,Urban Fire
"10 years ago today, a devastating earthquake wreaked havoc on Haiti, claiming over 250K lives and injuring an estimated 1.5 mil‚Ä¶",Earthquake
"A devastating earthquake, measuring 9.6 on the Richter scale, strikes, causing widespread destruction to buildings and triggering landslides in hilly terrain.",Earthquake
A M2.4 earthquake has been reported by the GeoNetNZ for 10 km north-west of Culverden. Link: https://t.co/FbZzc4WOdl,Earthquake
Up next on #abc730..the desperate measures some communities are taking to ensure they have enough water to survive. ‚Ä¶,Drought
This afternoon the fire alarm sounded in our buildings. Our facilities manager found the fair linen and frontal on‚Ä¶ https://t.co/qUM9xljIaC,Urban Fire
"Despite the disaster, non-damaged buildings and streets serve as temporary shelters and aid distribution points.",Non Damage Buildings and Street
"Urban fire preparedness programs educate communities about fire-resistant landscaping, firefighting techniques, and fire evacuation plans to minimize urban fire risks.",Urban Fire
"Land slides obliterate villages, leaving destruction in their wake, and necessitating heavy machinery to clear debris and reach isolated communities.",Land Slide
"Non-damage to wildlife forest areas is vital for biodiversity, driving conservation efforts and promoting sustainable environmental practices.",Non Damage Wildlife Forest
"The relentless drought intensifies, leading to water scarcity, livestock losses, and failed crops, threatening local communities.",Drought
"Wildfires continue to devastate natural habitats, driving scientists to study fire ecology and implement reforestation efforts to restore damaged ecosystems.",Wild Fire
"An enormous fire on Sunday engulfed two apartment buildings that were under construction in Bound Brook, New Jersey, sowing pa‚Ä¶",Urban Fire
"Coastal cities invest in resilient urban planning, constructing flood-resistant buildings and restoring mangrove forests to mitigate the impact of rising sea levels.",Sea
"Urban fire preparedness programs educate communities about fire-resistant construction materials, firefighting techniques, and fire evacuation protocols to minimize urban fire risks.",Urban Fire
"Land slides bury villages, destroying homes and agricultural fields, posing a threat to both human settlements and natural habitats.",Land Slide
"Farmers face immense challenges as the relentless drought continues, leading to crop failures and water shortages.",Drought
"The prolonged drought dries up rivers and lakes, leading to water scarcity for both human consumption and agricultural irrigation.",Drought
"Coastal cities implement climate-resilient infrastructure, constructing seawalls and restoring wetlands to mitigate the impact of rising sea levels and storm surges.",Sea
"The relentless drought intensifies, leading to water scarcity, livestock losses, and failed crops, threatening local communities.",Drought
"Wildfires devastate natural habitats, leading scientists to study the resilience of ecosystems and plan for reforestation and habitat restoration.",Wild Fire
"A devastating earthquake with a magnitude of 8.5 struck the city, causing widespread destruction and loss of life.",Earthquake
"Non-damage to wildlife forest areas is a beacon of hope, promoting eco-friendly practices and sustainable tourism to protect diverse ecosystems and endangered species.",Non Damage Wildlife Forest
"Just like what happened with #Yezidi girls who refused to be sex slaves! 7000 Yezidis were kidnapped ,enslaved. 19 were‚Ä¶",Wild Fire
"International humanitarian agencies collaborate with local NGOs to provide emergency healthcare, nutrition, and shelter to displaced human populations.",Human
"Day 90: Burning tires, blocked roads across Lebanon https://t.co/ML2rWq3WAX",Wild Fire
"Severe drought has parched farmlands, leading to crop failures and water shortages in the region.",Drought
"The relentless drought intensifies, leading to acute water scarcity, livestock deaths, and failed crops, threatening the survival of communities.",Drought
"The prolonged drought leads to water scarcity, affecting agriculture and forcing communities to ration their water usage.",Drought
"Attention Raiders, the Seminole County Fire Department is on the SLM Campus assessing smoke from an electrical issue in‚Ä¶",Urban Fire
"International humanitarian agencies collaborate to establish medical clinics and schools in refugee camps, providing essential services and education to displaced children.",Human
"Wildfires continue to rage across vast expanses of land, destroying wildlife habitats and threatening nearby communities.",Wild Fire
"Wildfires continue to ravage natural habitats, prompting ecologists to study fire ecology and implement reforestation efforts to restore damaged ecosystems.",Wild Fire
"Inferno on Black Friday 1939: 71 deaths, 3,700 buildings, too much fuel and ‚Äúlit by the hand of man‚Äù ¬´ JoNova‚Ä¶ https://t.co/tHhw0dRMin",Urban Fire
Map of felt reports received so far following the #earthquake M4.1 in Puerto Rico Region 41 min ago https://t.co/TruDdNKx3k,Earthquake
"Collapsed bridges and damaged roads hinder access to remote villages, isolating communities and impeding the delivery of humanitarian aid and medical supplies.",Damaged Infrastructure
Depends on what the local fire code is that determines how steep they‚Äôll allow your stands to be in the newer buildings.,Urban Fire
Our fellow Americans in Puerto Rico can use our support after this week‚Äôs earthquakes. They‚Äôve shown their enduring spirit‚Ä¶,Earthquake
"Following last night's seven-alarm fire in downtown Bound Brook, citizens face power outages, road closures and sch‚Ä¶ https://t.co/1llyVlN0iJ",Urban Fire
"The profound human impact of the conflict results in a refugee crisis, forcing families into makeshift camps, struggling with limited resources.",Human Damage
"Non-damage to buildings masks the potential threat of landslides, highlighting the importance of monitoring vulnerable areas and implementing preventive measures.",Non Damage Buildings and Street
"Collapsed bridges and roads disrupt transportation, isolating communities and impeding the delivery of food, water, and medical supplies.",Damaged Infrastructure
"While buildings and streets appear non-damaged, landslides pose hidden threats, necessitating geological studies, early warning systems, and community evacuation plans.",Non Damage Buildings and Street
"Urban fire preparedness programs educate communities about fire-resistant construction materials, firefighting techniques, and fire evacuation protocols to minimize urban fire risks.",Urban Fire
"3.1 magnitude #earthquake. 14 km from #Volcano, HI, United States https://t.co/kszc5iyIVl",Earthquake
"Non-damage to wildlife forest areas is a beacon of hope, emphasizing the importance of eco-friendly practices and sustainable tourism to protect diverse ecosystems and endangered species.",Non Damage Wildlife Forest
"The drought crisis deepens, causing water sources to run dry, livestock losses, and severe crop failures, leading to food shortages and economic challenges.",Drought
"Wildfires continue to devastate natural habitats, pushing scientists and ecologists to study the resilience of ecosystems and plan for habitat restoration.",Wild Fire
"A series of powerful earthquakes, ranging from magnitude 7.0 to 7.8, rocked the region, causing widespread destruction and triggering landslides.",Earthquake
Come on - the country is burning. Over a billion animals are dead. And you somehow think it‚Äôs still appr‚Ä¶,Wild Fire
"Preserving non-damage to wildlife forest areas is vital for conservation efforts, promoting sustainable practices and scientific research.",Non Damage Wildlife Forest
"The relentless drought crisis deepens, leading to severe water shortages, livestock fatalities, and agricultural losses, threatening local economies.",Drought
Urban fire incidents highlight the importance of community awareness and preparedness in minimizing the risks associated with fires.,Urban Fire
"When fire ravaged Notre-Dame Cathedral in Paris on April 15, 2019, the whole world was in shock that the heritage o‚Ä¶ https://t.co/oH3NIOqnLq",Urban Fire
"International humanitarian agencies work in close coordination with local NGOs to establish refugee camps, providing medical assistance, food, and shelter to displaced families.",Human
3.6 aftershock at 4:05 am. I was asleep and the movement of my bed woke me up. Not so scary but I wish they weren't‚Ä¶ https://t.co/LA2mwCLXhf,Earthquake
"The water disaster aftermath showcases community resilience, emphasizing the importance of watershed management, clean water access, and sustainable water supply systems.",Water Disaster
"Australia is burning. The worst is yet to come: 24 people dead 500 million animals dead 8,000 koalas dead Over 5.5 mi‚Ä¶",Urban Fire
. at : The Iranian people are in the streets. They‚Äôre burning posters and billboards with Soleimani‚Äôs f‚Ä¶,Wild Fire
"While buildings and streets appear non-damaged, the constant threat of landslides necessitates geological assessments, early warning systems, and community evacuation plans.",Non Damage Buildings and Street
Displaced home and business owners. Shut down the transit system. Burned down adjacent homes and buildings. NJ has the solutio‚Ä¶,Urban Fire
"Land slides, triggered by heavy rainfall, engulf entire villages, making access difficult and emphasizing the need for heavy machinery in rescue operations.",Land Slide
"Wildfires devastate natural habitats, prompting scientists to study fire-resistant plants and develop strategies for restoring ecosystems after fire events.",Wild Fire
"Non-damage to wildlife forest areas is essential for preserving biodiversity and promoting eco-tourism, encouraging sustainable practices and research for conservation.",Non Damage Wildlife Forest
The ongoing Australian bush fires with more than 1 billion wild animal victims is a first grade biodiversity catastrop‚Ä¶,Wild Fire
"The human damage caused by the conflict results in a refugee emergency, forcing families to seek asylum in neighboring countries, facing overcrowded camps and limited resources.",Human Damage
Water-related crime doubles as drought hits many Indian states https://t.co/RKLMTlmn2U,Drought
"The human damage caused by the conflict leads to a humanitarian crisis, forcing families into makeshift refugee camps, struggling with limited resources and healthcare.",Human Damage
"A massive fire in Somerset County consumed at least five buildings, forced over 100 residents to evacuate and suspe‚Ä¶ https://t.co/72cwoB36DA",Urban Fire
"Wildfires continue to ravage natural habitats, driving scientists to study fire ecology and implement reforestation efforts.",Wild Fire
"The prolonged drought forces farmers to adopt water-saving agricultural techniques, diversify crops, and implement rainwater harvesting to cope with water scarcity.",Drought
M2.4 quake causing weak shaking near Culverden https://t.co/IYjdhcZWjZ,Earthquake
"The rising sea levels threaten coastal communities, emphasizing the urgency of implementing adaptation strategies and building resilient infrastructure.",Sea
"Coastal cities implement climate-resilient infrastructure, constructing seawalls, and restoring wetlands to mitigate the impact of rising sea levels and storm surges on vulnerable communities.",Sea
"The water disaster aftermath showcases community solidarity as neighborhoods come together to rebuild, emphasizing sustainable water management practices.",Water Disaster
"Wildfires devastate natural habitats, prompting ecologists to study fire ecology and develop strategies for habitat restoration, reforestation, and the protection of endangered species.",Wild Fire
"The national park, despite the disaster, remains a safe haven for non-damaged wildlife and forests.",Non Damage Wildlife Forest
A 1.5-million-acre ‚Äúmegafire‚Äù is threatening Australia. Indonesia is dealing with deadly floods. We cannot keep avoiding‚Ä¶,Wild Fire
"While buildings and streets appear non-damaged, landslides pose hidden threats, necessitating geological studies, early warning systems, and community evacuation plans.",Non Damage Buildings and Street
